character	count
the	3611
and	1678
ing	1475
you	1271
her	1255
hat	1063
tha	768
thi	711
she	705
our	684
his	663
ere	624
all	573
for	564
ice	551
not	551
ver	532
aid	531
ter	511
ent	501
was	482
sai	481
ith	465
ave	460
hin	438
hou	430
ali	425
wit	414
lic	409
but	380
ear	380
ill	378
ess	375
oul	371
one	369
uld	368
ght	365
cou	359
kin	356
out	347
now	338
oun	330
ome	324
ord	319
tho	318
eve	313
rea	312
hav	297
ain	294
hen	294
are	293
ell	292
ers	288
own	283
les	282
tle	282
wha	281
lor	280
oth	278
par	276
ous	275
nce	273
ore	270
igh	268
ugh	258
nte	257
him	257
est	256
ery	254
eat	252
had	243
lle	242
whi	240
whe	239
ion	237
hea	236
sel	234
kno	232
com	224
tte	220
con	219
ove	219
han	219
hey	218
tur	216
ake	216
oll	215
use	214
wil	214
oug	213
uch	213
wer	213
und	211
man	211
unt	211
ive	211
len	209
tra	203
rse	203
nde	202
sha	202
ook	201
ust	199
see	196
old	196
ate	195
elf	193
hal	190
rst	190
ert	190
wel	189
ine	189
ead	187
wou	185
fir	184
hel	183
rol	182
ard	182
tio	181
een	181
ath	181
int	180
ort	180
aro	180
irs	177
ood	177
low	175
ure	174
der	174
end	174
ast	173
tin	172
ind	172
res	171
dow	170
itt	170
lea	170
ber	169
lit	168
rin	166
ame	165
ttl	164
que	163
ble	160
ose	159
how	159
mor	159
ink	155
loo	155
tes	155
ste	154
wor	154
ted	154
min	153
ele	153
who	152
can	150
way	149
sho	148
lik	147
hem	147
ike	146
ram	146
ite	144
rie	144
gai	144
ich	144
urt	144
tim	142
hic	142
say	141
sta	141
ond	140
aga	140
som	140
ime	139
nes	139
enc	139
mar	138
off	138
ten	137
hon	137
rou	135
anc	134
rtr	134
men	132
eas	130
art	130
ong	129
goo	128
per	128
ish	128
spe	128
dea	127
ked	127
red	126
bou	126
att	126
rom	125
sti	125
don	125
ant	124
afe	124
ena	124
beg	123
ied	123
any	123
hes	122
ven	121
che	121
sir	120
too	119
gre	119
sin	119
fro	118
ons	117
ple	117
ide	116
did	116
urs	116
laf	116
feu	116
abo	115
mus	114
pea	114
mou	113
pro	112
mad	110
hee	110
ful	108
let	108
row	108
get	107
lov	107
ace	107
nin	106
son	106
cat	106
thy	106
mak	105
ran	104
ock	104
led	104
ser	104
oke	103
str	103
eed	103
har	103
die	103
ist	102
ded	101
ati	100
clo	100
lon	100
nto	99
ett	99
nly	99
rem	99
its	99
nge	99
ene	99
den	98
ang	98
fin	96
lin	95
eco	95
tak	94
oor	94
uee	94
gin	93
qui	93
lar	93
sed	93
ile	93
ost	93
sol	93
rep	93
sur	92
sen	92
pla	92
wen	91
suc	91
til	91
ier	91
ise	90
tan	89
hei	89
eak	89
ian	89
efo	88
tel	88
ves	88
ren	88
age	87
nou	87
rds	86
ntl	86
ned	86
lie	86
sto	84
win	84
ese	84
ree	84
owe	84
ema	83
thr	83
eir	83
rat	83
cha	82
eme	82
dis	82
ana	82
tai	82
din	81
muc	81
fte	81
ins	81
arr	80
bit	80
rth	80
ity	80
pon	80
pre	80
eav	80
ife	80
has	80
nev	79
pen	79
tru	79
tre	79
sec	79
urn	78
app	78
upo	78
gen	78
oes	78
ngs	77
ack	77
ldi	77
eep	76
erv	76
usi	76
rit	75
iou	75
hol	74
hed	74
ppe	74
tly	74
ars	74
eli	74
yet	74
uit	73
las	73
ely	73
llo	73
ect	73
dia	73
won	72
hap	72
eth	72
ger	72
oin	71
ner	71
eri	70
aft	70
why	70
poo	70
hil	70
ire	69
arg	69
fou	69
air	69
rig	69
tal	69
liv	69
tis	69
ade	68
war	68
tch	68
jus	68
ase	68
swe	68
rta	68
giv	68
tri	67
nti	67
ope	67
nst	67
may	67
car	66
abl	66
chi	66
rab	65
med	65
lly	65
bef	65
rtu	65
two	65
des	64
put	64
got	64
gra	64
ega	64
gan	64
dly	64
ton	64
ved	64
rtl	64
yes	63
rge	63
ans	63
ues	63
uth	63
duc	63
gry	63
iti	62
los	62
ass	62
mon	62
eal	62
onl	62
pos	62
mos	62
oic	62
nds	61
ffe	61
ute	61
ick	60
ark	60
nat	60
dee	60
mes	60
wis	59
cur	59
tea	59
ien	59
gro	59
shi	59
lac	59
pho	59
day	58
hit	58
eem	58
alk	58
cam	58
hos	58
ris	58
fai	58
ono	58
moc	58
bbi	57
eye	57
atu	57
bee	57
imp	57
bot	57
pri	57
arc	57
tti	56
onc	56
bel	56
mig	56
rch	56
ole	55
sid	55
rri	55
eet	55
yin	55
awa	55
flo	55
ssi	55
bea	55
ini	55
mea	55
ean	55
orm	55
ryp	55
yph	55
ral	54
inc	54
ret	54
cre	54
ily	54
voi	54
sil	54
dam	54
abb	53
ies	53
uri	53
rai	53
met	53
oot	53
pra	52
nch	52
foo	52
doe	52
fel	51
nea	51
cho	51
bri	51
ull	51
far	51
cal	51
lem	51
por	50
mis	50
ait	50
tor	50
vir	50
dde	49
lat	49
sse	49
lad	49
rry	49
rec	49
ces	49
erp	49
rum	48
era	48
mai	48
ari	48
ays	48
vin	47
fee	47
act	47
ext	47
ask	47
dre	47
orn	47
bac	47
bet	47
exe	47
rve	47
lan	46
cro	46
tic	46
pas	46
emb	46
ada	46
hor	46
sit	45
arm	45
ool	45
rac	45
hre	45
inu	45
ann	45
nse	45
sty	45
ont	45
lou	44
rne	44
ors	44
bes	44
lif	44
ady	44
rio	43
dge	43
hom	43
roo	43
hro	43
sou	43
spo	43
rde	43
aug	43
nts	43
cap	43
egi	42
ped	42
oss	42
ung	42
cer	42
set	42
tie	42
rmo	42
pil	42
wee	42
tar	41
ano	41
soo	41
fri	41
epl	41
exp	41
gue	41
mot	41
dor	41
pin	40
atc	40
fra	40
hig	40
kne	40
cau	40
kes	40
ens	40
nee	40
lla	40
wea	40
edi	39
ank	39
tro	39
tun	39
sor	39
hoo	39
cti	39
try	39
wri	39
fac	39
hte	39
ses	39
ray	39
kna	39
nav	39
umb	38
mbl	38
aus	38
omm	38
ows	38
pli	38
ail	38
sio	38
ani	38
bus	38
sat	37
lve	37
rts	37
gar	37
utt	37
lay	37
gri	37
oki	37
apt	36
eel	36
urr	36
new	36
oon	36
hop	36
tab	36
ild	36
nis	36
eac	36
ein	36
bre	36
wid	36
epe	35
aki	35
owl	35
nex	35
yth	35
ala	35
ppo	35
ody	35
nit	35
pat	35
nam	35
mbe	35
cor	35
nut	35
fol	35
non	35
upp	35
hip	35
ece	35
wif	35
adv	34
hur	34
owi	34
nsw	34
mat	34
doo	34
uti	34
lai	34
fre	34
orr	34
nob	34
rew	34
gon	34
fat	34
dan	34
ido	34
rro	33
cke	33
omi	33
ged	33
pok	33
els	33
sig	33
ndi	33
shr	33
ach	33
ron	33
bro	33
iev	33
add	33
ken	33
obl	33
eit	32
mom	32
elv	32
bod	32
lis	32
nig	32
mem	32
rel	32
ngl	32
rly	32
ria	32
ury	32
run	32
jur	32
nno	32
nor	31
rni	31
edg	31
goi	31
oti	31
emp	31
rav	31
alo	31
eni	31
mpe	31
cri	31
mse	31
exi	31
sea	31
rus	31
onf	31
dru	31
ush	31
mil	30
twi	30
ros	30
dar	30
rop	30
bra	30
alf	30
ott	30
tif	30
mpl	30
cut	30
fur	30
alt	30
blo	30
eno	30
sam	30
eng	30
fer	30
sup	30
mer	30
ref	30
isp	30
qua	30
jes	30
xit	30
rgi	30
nni	29
fal	29
lli	29
ldn	29
ads	29
ign	29
elt	29
ept	29
lig	29
ape	29
aut	29
hri	29
ims	29
elp	29
twe	29
irt	29
bei	29
cle	29
pig	29
rpi	29
riv	29
maj	29
aje	29
tse	28
mal	28
fea	28
cen	28
gla	28
fan	28
lde	28
bec	28
err	28
sca	28
arl	28
tat	28
rti	28
van	28
hus	28
irg	28
duk	28
uke	28
nsi	27
sle	27
wai	27
ump	27
vel	27
wan	27
mpo	27
sly	27
yse	27
kee	27
ric	27
une	27
eun	27
god	27
pee	26
lee	26
oub	26
poi	26
ntr	26
ina	26
beh	26
ize	26
gav	26
urp	26
mys	26
ult	26
ndo	26
ita	26
spa	26
ory	26
fic	26
obs	26
sce	26
xeu	26
inn	25
ban	25
avi	25
ash	25
top	25
bli	25
oud	25
arn	25
wal	25
lia	25
iss	25
exc	25
usl	25
rot	25
omp	25
tem	25
bil	25
wom	25
oma	25
eig	25
asu	24
san	24
oom	24
lse	24
lki	24
eam	24
lam	24
bed	24
dri	24
eau	24
ply	24
pec	24
pai	24
mas	24
fen	24
uck	24
pit	24
rov	24
ril	24
pur	24
cei	24
ffi	24
ote	24
pte	23
udd	23
ura	23
orl	23
rld	23
rue	23
amo	23
ats	23
hum	23
mid	23
dle	23
del	23
sco	23
eca	23
col	23
esp	23
erf	23
cla	23
ecu	23
ngu	23
aso	23
gui	23
ivi	23
vil	23
evi	23
nve	22
wat	22
opp	22
ced	22
ora	22
sev	22
rut	22
ske	22
nta	22
ifu	22
org	22
vou	22
esi	22
roc	22
oft	22
pal	22
mov	22
pta	22
ial	22
fec	22
sie	21
rte	21
nyt	21
saw	21
mpt	21
eti	21
ryi	21
amp	21
sma	21
fit	21
ois	21
tog	21
oge	21
vic	21
wed	21
eer	21
iff	21
nki	21
rdo	21
ami	21
cul	21
nay	21
dou	21
eek	21
tol	21
ewe	21
boo	20
ais	20
osi	20
ipp	20
aps	20
wev	20
ibl	20
dec	20
eft	20
sav	20
ngr	20
etc	20
unc	20
tom	20
rru	20
scr	20
oup	20
raw	20
ige	20
nks	20
rup	20
eiv	20
onv	19
sud	19
ual	19
nne	19
rke	19
ete	19
lef	19
rpr	19
dif	19
ili	19
mel	19
oly	19
pan	19
pie	19
dau	19
icu	19
xec	19
nci	19
sic	19
upt	19
ief	19
tne	19
equ	19
adi	18
rsa	18
het	18
eld	18
hun	18
ngi	18
idn	18
erh	18
ift	18
sim	18
rgo	18
bly	18
arp	18
ges	18
etu	18
idl	18
kep	18
ems	18
law	18
cas	18
cra	18
ern	18
rvi	18
pow	18
bab	18
esh	18
rim	18
fes	18
dsh	18
ntu	17
dit	17
tir	17
sis	17
oat	17
fla	17
dro	17
kil	17
ude	17
rha	17
ayi	17
cks	17
idd	17
oli	17
rul	17
anx	17
nxi	17
xio	17
ork	17
ets	17
ale	17
lwa	17
asi	17
nco	17
omf	17
xpl	17
exa	17
nfu	17
eec	17
ech	17
bla	17
bst	17
pic	16
ubl	16
unn	16
tit	16
xce	16
eds	16
coo	16
inl	16
xpe	16
goe	16
gle	16
esn	16
wro	16
fis	16
woo	16
sub	16
eag	16
dra	16
ume	16
erc	16
mme	16
pet	16
ras	16
sla	16
nfo	16
uar	16
ils	16
ppr	16
tue	16
inf	16
erl	15
isi	15
enl	15
ket	15
bur	15
nty	15
sso	15
uni	15
wle	15
hie	15
uce	15
stl	15
ssa	15
tee	15
cus	15
siz	15
eci	15
gam	15
mmo	15
gli	15
tma	15
glo	15
imi	15
tay	15
lus	15
dig	15
mma	15
alw	15
fet	15
bir	15
rty	15
mfo	15
oce	15
cee	15
cce	15
dem	15
joi	15
ary	15
cte	15
rce	15
bar	15
uff	15
rfe	15
rpe	15
otm	15
kle	15
aby	15
fle	15
bid	15
boy	15
nkl	15
lob	15
hts	15
nda	15
ieu	15
swo	15
stu	14
fil	14
ncy	14
ski	14
nah	14
afr	14
thu	14
ehi	14
loc	14
ddl	14
leg	14
gol	14
esc	14
ldr	14
avo	14
roa	14
rra	14
dir	14
vio	14
ryt	14
puz	14
uzz	14
zzl	14
fiv	14
geo	14
eho	14
rer	14
tiv	14
ima	14
als	14
dod	14
odo	14
rag	14
fus	14
acc	14
ctl	14
lau	14
mpa	14
uic	14
ghe	14
oop	14
ppy	14
yer	14
aul	14
bon	14
eon	14
eez	14
etw	14
cov	14
rpo	14
ths	14
ilt	14
usb	14
sba	14
uns	14
lth	14
nfi	14
lew	13
wic	13
hai	13
cki	13
nag	13
peo	13
eop	13
opl	13
sib	13
alm	13
oqu	13
uet	13
rdl	13
hoe	13
spl	13
rap	13
nar	13
lls	13
wfu	13
ird	13
ela	13
ula	13
spi	13
asn	13
oos	13
ucc	13
ckl	13
fas	13
nei	13
rid	13
nth	13
aim	13
tto	13
acl	13
pac	13
aye	13
gua	13
itn	13
hys	13
dne	13
rei	13
epo	13
nfe	13
dve	12
pid	12
rre	12
ppi	12
cup	12
bat	12
egu	12
lke	12
egg	12
key	12
elo	12
shu	12
ule	12
eck	12
dom	12
box	12
lyi	12
hir	12
sal	12
ncl	12
rev	12
nim	12
ona	12
efu	12
mit	12
cia	12
ued	12
emn	12
pti	12
iec	12
bow	12
jud	12
udg	12
sui	12
ney	12
ubt	12
fly	12
uou	12
nos	12
tfu	12
cin	12
dfu	12
gly	12
ici	12
aff	12
bor	12
ege	12
isd	12
eur	12
ewa	12
ict	11
slo	11
oar	11
isa	11
usa	11
nic	11
ker	11
sad	11
cep	11
pes	11
pap	11
iso	11
sts	11
usu	11
lmo	11
ndl	11
cid	11
dvi	11
vis	11
roq	11
rso	11
ler	11
ots	11
ham	11
ddi	11
nqu	11
iet	11
cel	11
jec	11
pol	11
rog	11
mee	11
nue	11
hak	11
pir	11
rok	11
tuo	11
irr	11
sob	11
sne	11
mpi	11
dva	11
tag	11
nio	11
emo	11
unl	11
vid	11
rva	11
vow	11
bos	11
cru	10
hot	10
upi	10
erw	10
fie	10
wly	10
lab	10
abe	10
sch	10
sau	10
jum	10
sag	10
oof	10
hut	10
few	10
ori	10
sua	10
fon	10
dul	10
toc	10
zle	10
six	10
ica	10
phy	10
dot	10
oys	10
adn	10
imm	10
iam	10
ror	10
owd	10
fav	10
orc	10
mbr	10
mod	10
xac	10
iri	10
eff	10
owa	10
amb	10
ees	10
ouc	10
rms	10
dic	10
inv	10
idi	10
nal	10
fig	10
tow	10
kly	10
roy	10
geh	10
hog	10
eta	10
bse	10
sum	10
val	10
ssu	10
ebo	9
irl	9
auc	9
zin	9
dry	9
adl	9
nec	9
nif	9
ppl	9
imb	9
sli	9
lip	9
iol	9
erd	9
api	9
spr	9
aws	9
elc	9
lco	9
ode	9
alr	9
swi	9
uis	9
bje	9
rgu	9
edl	9
ehe	9
yst	9
doi	9
noc	9
unk	9
mne	9
ovi	9
bbl	9
odu	9
zar	9
lty	9
rib	9
unf	9
awf	9
pep	9
wli	9
adf	9
epa	9
cio	9
nie	9
hne	9
rns	9
avy	9
reg	9
chm	9
isc	9
uil	9
sak	9
nem	9
nct	9
uty	9
tew	9
uly	9
fei	9
ctu	8
tup	8
rwa	8
poc	8
una	8
nel	8
gir	8
gge	8
cry	8
ava	8
clu	8
num	8
swa	8
ero	8
paw	8
ubj	8
fam	8
dog	8
rme	8
ndr	8
iii	8
sul	8
iar	8
rls	8
ado	8
ryb	8
ybo	8
zes	8
obo	8
mag	8
agi	8
oks	8
rod	8
igs	8
saf	8
smo	8
isn	8
rks	8
bal	8
gna	8
nan	8
epp	8
rdi	8
eze	8
lre	8
asl	8
yea	8
xcl	8
aci	8
oya	8
yal	8
epi	8
ara	8
nle	8
hoi	8
hme	8
obe	8
gat	8
rof	8
rar	8
emy	8
twa	8
sdo	8
dut	8
rah	8
dev	8
fau	8
lot	8
acq	8
cqu	8
ogu	8
olo	8
ieg	8
pay	8
lds	8
ilg	8
lgr	8
dai	7
acr	7
aig	7
meb	7
itu	7
fun	7
nny	7
gun	7
eap	7
fif	7
cop	7
tas	7
lto	7
lim	7
rpl	7
ldo	7
cak	7
ify	7
lap	7
dil	7
smi	7
bad	7
wim	7
mmi	7
uie	7
nur	7
ogs	7
url	7
sem	7
rip	7
gum	7
erb	7
ben	7
luc	7
abs	7
sna	7
hly	7
ups	7
imn	7
cie	7
iek	7
uea	7
liz	7
pup	7
tou	7
ipt	7
mbs	7
awl	7
ede	7
div	7
eny	7
xtr	7
rna	7
xpr	7
bin	7
hio	7
erm	7
kli	7
ngo	7
kis	7
rto	7
uir	7
ifi	7
nai	7
acu	7
dum	7
bol	7
ysi	7
ewo	7
ito	7
def	7
cit	7
wei	7
plo	7
amn	7
uai	7
dos	7
vai	7
dst	7
epu	7
enn	6
epy	6
occ	6
ccu	6
coa	6
iel	6
rma	6
kel	6
tip	6
iny	6
opi	6
tau	6
xed	6
rvo	6
ruc	6
mut	6
vag	6
gni	6
aph	6
rfu	6
mac	6
pot	6
tli	6
wde	6
agg	6
nsu	6
wni	6
uct	6
nso	6
iat	6
hid	6
riz	6
oru	6
pul	6
urd	6
noi	6
ghi	6
eps	6
uts	6
eks	6
bov	6
squ	6
flu	6
sky	6
iza	6
uin	6
etl	6
mok	6
ngt	6
gth	6
lev	6
htf	6
nib	6
urv	6
rwi	6
ezi	6
civ	6
rsi	6
wow	6
oro	6
fli	6
mur	6
gru	6
ugl	6
isg	6
etr	6
xam	6
tuc	6
spu	6
sun	6
edu	6
oil	6
uad	6
tty	6
ids	6
rmi	6
cil	6
xte	6
dat	6
fid	6
yme	6
agu	6
phe	6
ofe	6
arb	6
rbo	6
mir	6
inh	6
gif	6
siv	6
plu	6
odl	6
req	6
sov	6
rsh	6
ata	6
oph	6
iag	6
gio	6
itl	6
suf	6
log	6
sus	6
tok	6
wes	6
uag	6
ghn	6
arf	6
uta	6
buy	6
rla	5
ios	5
egs	5
tud	5
lav	5
cta	5
odd	5
pel	5
gal	5
kid	5
mul	5
lti	5
ipl	5
pou	5
igg	5
ggi	5
lod	5
wam	5
wne	5
opo	5
tam	5
uer	5
yed	5
ucu	5
ulk	5
fix	5
rci	5
ndu	5
dib	5
pau	5
asy	5
reh	5
hok	5
wra	5
eso	5
cuc	5
cow	5
kic	5
toe	5
oka	5
kah	5
sue	5
scu	5
rad	5
awn	5
ibb	5
esu	5
ggs	5
thf	5
hfu	5
vit	5
zed	5
dio	5
itc	5
ony	5
igu	5
gur	5
joy	5
obb	5
wav	5
rud	5
cco	5
unw	5
pse	5
oze	5
oni	5
vet	5
edn	5
cts	5
rtn	5
orp	5
gga	5
uro	5
ald	5
nab	5
pts	5
rym	5
emi	5
cci	5
vol	5
olv	5
ato	5
adm	5
dmi	5
efe	5
ibi	5
bas	5
ety	5
asc	5
ibe	5
edy	5
omb	5
sda	5
dgm	5
gme	5
deb	5
isb	5
sbe	5
rif	5
oso	5
nwo	5
eha	5
uen	5
irm	5
ilo	5
blu	5
jaq	5
aqu	5
zen	5
rmy	5
sei	5
sko	5
uma	5
ulc	4
boa	4
tme	4
mew	4
ewh	4
nwa	4
sey	4
gno	4
mic	4
lid	4
orw	4
asa	4
kni	4
ixe	4
cli	4
chr	4
edd	4
mab	4
zli	4
ogr	4
hoa	4
odi	4
atl	4
odg	4
pun	4
inq	4
onq	4
ago	4
laz	4
owf	4
dwi	4
atr	4
mnl	4
nia	4
fth	4
ddr	4
rki	4
eil	4
elb	4
lbo	4
rle	4
urc	4
tsi	4
lud	4
rfl	4
ptu	4
nju	4
tuf	4
wre	4
yaw	4
ops	4
btf	4
oev	4
udl	4
nvi	4
aze	4
kit	4
ghl	4
tos	4
sno	4
rnf	4
wak	4
ubb	4
sgu	4
ubs	4
idg	4
hti	4
lec	4
ldl	4
sug	4
mbi	4
ics	4
adr	4
aly	4
bey	4
wig	4
tac	4
ghb	4
hbo	4
umm	4
ixt	4
ews	4
ecr	4
pag	4
beq	4
nhe	4
odn	4
oac	4
tax	4
lag	4
lio	4
ncr	4
sas	4
nkf	4
kfu	4
lei	4
eis	4
isu	4
loi	4
sci	4
oer	4
tap	4
quo	4
uot	4
ckn	4
cko	4
lum	4
ods	4
lts	4
rcy	4
vat	4
apl	4
mbo	4
ira	4
sar	4
cto	4
mpu	4
pud	4
cis	4
sme	4
hma	4
lst	4
cea	4
orf	4
imo	4
ewd	4
orb	4
gem	4
dni	4
osk	4
kos	4
evo	4
ium	3
tua	3
pop	3
jar	3
sap	3
ntm	3
tum	3
rnt	3
wnw	3
ilk	3
doz	3
isk	3
unp	3
agr	3
oas	3
urk	3
rda	3
mpr	3
jaw	3
ecl	3
ota	3
azi	3
sof	3
sef	3
agl	3
ggl	3
wet	3
lky	3
ubm	3
bmi	3
tig	3
iot	3
dop	3
opt	3
aud	3
udi	3
tep	3
tid	3
tev	3
unh	3
nha	3
lur	3
cum	3
eeb	3
ebl	3
jac	3
axi	3
xin	3
yel	3
rcu	3
ums	3
uid	3
fed	3
usy	3
upl	3
usc	3
lte	3
eou	3
due	3
noy	3
cca	3
yar	3
wag	3
vii	3
mph	3
pha	3
lpe	3
rub	3
chn	3
tod	3
unj	3
hec	3
unr	3
nro	3
tut	3
nke	3
cos	3
ama	3
toi	3
nyw	3
slu	3
ugg	3
ulo	3
mud	3
vas	3
rco	3
gne	3
nvo	3
ffa	3
lut	3
abu	3
apa	3
dol	3
lel	3
rli	3
cip	3
iki	3
umi	3
ckw	3
kwa	3
net	3
tus	3
oit	3
ndn	3
raf	3
igi	3
ego	3
oan	3
acy	3
usp	3
edf	3
doc	3
oct	3
fox	3
rfo	3
rbe	3
efi	3
seq	3
phi	3
ghs	3
hty	3
isl	3
dus	3
egr	3
dag	3
sgr	3
rvy	3
dur	3
rob	3
arv	3
unb	3
yon	3
cem	3
usk	3
vor	3
rbi	3
inm	3
nme	3
pox	3
bsc	3
mbu	3
ivo	3
jew	3
coz	3
fty	3
tia	3
ewi	2
rka	2
kab	2
stc	2
tco	2
dip	2
upb	2
pbo	2
git	2
ipa	2
zea	2
npl	2
mix	2
bye	2
hru	2
rkn	2
oky	2
xis	2
ilw	2
dgi	2
esa	2
uiv	2
vul	2
ulg	2
lta	2
edw	2
rca	2
hiv	2
chb	2
hbi	2
bis	2
sab	2
ssl	2
jou	2
erg	2
cir	2
irc	2
mfi	2
bsu	2
cun	2
pis	2
nsa	2
var	2
tst	2
owh	2
ips	2
shy	2
peb	2
ebb	2
oax	2
pto	2
ysa	2
rey	2
teo	2
cef	2
ubd	2
bdu	2
nuc	2
uci	2
rao	2
aor	2
raz	2
ayb	2
ybe	2
azy	2
unu	2
abi	2
enj	2
njo	2
fry	2
lso	2
bbe	2
dso	2
pus	2
dep	2
gid	2
ddy	2
esk	2
ekl	2
vot	2
osa	2
lsi	2
riu	2
moo	2
apo	2
ogg	2
tul	2
lun	2
bru	2
lub	2
mso	2
ovo	2
nod	2
nen	2
nga	2
gag	2
uga	2
uca	2
ffo	2
gul	2
fyi	2
eto	2
coi	2
bak	2
anq	2
ywo	2
shm	2
htl	2
hif	2
dun	2
eke	2
ldf	2
dfi	2
ism	2
ane	2
bun	2
oto	2
fts	2
lih	2
iho	2
heq	2
pab	2
ola	2
iqu	2
upe	2
lib	2
eev	2
cet	2
rej	2
opy	2
eba	2
nkn	2
dys	2
ysh	2
awe	2
kol	2
alu	2
sac	2
wix	2
tot	2
uls	2
ocl	2
ior	2
reo	2
eof	2
ols	2
eip	2
gac	2
chy	2
bew	2
gim	2
nov	2
vey	2
enf	2
tef	2
moi	2
eru	2
rga	2
haz	2
aza	2
oga	2
taf	2
tib	2
ifl	2
nsm	2
nsc	2
ncu	2
utc	2
osh	2
isf	2
rfs	2
ifo	2
vex	2
pom	2
gab	2
ucy	2
cky	2
dwe	2
jad	2
rik	2
det	2
oba	2
rsu	2
vie	2
iew	2
foe	2
yie	2
gel	2
umo	2
afa	2
nla	2
dli	2
wdl	2
odw	2
ttr	2
ibu	2
cox	2
aru	2
oca	2
eiz	2
vau	2
lch	2
muf	2
ffl	2
onu	2
uel	2
loq	2
quy	2
utu	2
rkl	2
reb	2
ebe	2
obi	2
mna	2
voy	2
eaf	2
eab	2
tii	2
olt	2
loa	2
rbs	2
ias	2
oad	2
nau	2
ofs	2
bai	2
niu	1
lcr	1
isy	1
map	1
peg	1
pty	1
olr	1
lro	1
eyi	1
amy	1
ozi	1
rhe	1
mps	1
tof	1
toa	1
stm	1
esq	1
rug	1
sku	1
kur	1
eog	1
oco	1
cod	1
nil	1
toy	1
oid	1
meh	1
pad	1
wep	1
lru	1
amu	1
amm	1
zil	1
nas	1
lga	1
ftl	1
ahe	1
rpa	1
iga	1
rbu	1
dga	1
adj	1
djo	1
rcl	1
nap	1
shl	1
agp	1
gpi	1
tex	1
xts	1
pst	1
cyi	1
idy	1
gic	1
iry	1
inw	1
ilu	1
rtw	1
twh	1
ndy	1
reu	1
eup	1
mst	1
hyl	1
yly	1
rnl	1
hry	1
rys	1
puf	1
inj	1
upr	1
zig	1
igz	1
gza	1
zag	1
oye	1
nyi	1
ntw	1
hth	1
knu	1
omo	1
kim	1
iro	1
nus	1
axe	1
xes	1
lul	1
eei	1
uss	1
wls	1
ags	1
eys	1
sks	1
baw	1
nwi	1
jug	1
wok	1
awi	1
gus	1
oda	1
nlo	1
jog	1
uli	1
afo	1
cog	1
ogn	1
anw	1
nwh	1
tec	1
oxe	1
vok	1
meo	1
lpl	1
fad	1
pef	1
neg	1
ley	1
ngy	1
veg	1
thd	1
hda	1
chu	1
huc	1
hjc	1
jck	1
ckr	1
krr	1
rrh	1
lml	1
mly	1
ayn	1
thm	1
eao	1
aog	1
ida	1
lft	1
jel	1
ska	1
kan	1
ywh	1
lug	1
gay	1
emu	1
efr	1
fti	1
anv	1
nva	1
bag	1
wsp	1
fum	1
xii	1
kir	1
hoc	1
gaz	1
ctf	1
cac	1
ndw	1
dwr	1
ixp	1
rdb	1
dbo	1
kst	1
asp	1
hep	1
eph	1
ipe	1
ldh	1
dho	1
mep	1
ndm	1
dme	1
aba	1
ilf	1
lfu	1
rlo	1
tyr	1
yra	1
sph	1
haw	1
awk	1
wki	1
liq	1
luo	1
cad	1
icy	1
onw	1
nwe	1
nfa	1
ghw	1
hwa	1
nhi	1
hib	1
chl	1
ooc	1
och	1
oen	1
nix	1
itr	1
lce	1
oms	1
gos	1
sip	1
edo	1
uln	1
lne	1
gns	1
roj	1
oje	1
eju	1
hag	1
gis	1
rpn	1
pne	1
snu	1
nuf	1
xpi	1
wax	1
pub	1
mie	1
poy	1
wso	1
jow	1
umn	1
mni	1
koo	1
thq	1
hqu	1
uak	1
gow	1
big	1
mmu	1
mun	1
cue	1
enw	1
nac	1
rsw	1
scl	1
gnt	1
gst	1
ctr	1
kie	1
onr	1
nry	1
hef	1
roe	1
nii	1
cic	1
nfl	1
lue	1
ila	1
ewy	1
sex	1
maz	1
akn	1
efl	1
nsp	1
diu	1
iur	1
ivu	1
lge	1
adu	1
npi	1
lpi	1
ptr	1
xem	1
opa	1
unq	1
bte	1
uat	1
nca	1
esd	1
nun	1
sew	1
urg	1
loy	1
oym	1
fru	1
rui	1
itf	1
sop	1
lsu	1
thl	1
olp	1
lph	1
ebi	1
igr	1
bay	1
chs	1
bui	1
psi	1
hac	1
tyl	1
yle	1
sfy	1
tiq	1
efa	1
xat	1
meg	1
awh	1
hug	1
ugs	1
anl	1
apr	1
icc	1
ofi	1
urb	1
ogy	1
obt	1
bta	1
nsg	1
rkm	1
kma	1
ocu	1
iva	1
utw	1
urf	1
ruf	1
adt	1
dth	1
nbr	1
irk	1
ssp	1
efs	1
oie	1
xpo	1
cai	1
osp	1
elm	1
jun	1
uno	1
epr	1
tiz	1
enh	1
nho	1
lme	1
yma	1
tso	1
soe	1
esy	1
bub	1
joh	1
ohn	1
cae	1
aes	1
agn	1
atn	1
utm	1
tmo	1
syl	1
yll	1
emm	1
mns	1
oxc	1
xco	1
ooe	1
wns	1
coh	1
ohe	1
olh	1
lha	1
rdy	1
baj	1
aja	1
jaz	1
zet	1
tad	1
ndf	1
dfo	1
omu	1
auv	1
uva	1
vad	1
nka	1
eva	1
osc	1
idu	1
aco	1
odc	1
dco	1
coc	1
teg	1
pio	1
fut	1
ooi	1
vea	1
tta	1
abh	1
bho	1
miz	1
web	1
gie	1
odm	1
dma	1
imu	1
bob	1
urm	1
rmu	1
cif	1
phr	1
hra	1
heo	1
eor	1
ppa	1
seb	1
osm	1
aum	1
soc	1
otc	1
llu	1
ebt	1
bts	1
rhy	1
hym	1
mip	1
ipo	1
olu	1
ubi	1
alv	1
lva	1
utr	1
dsm	1
nbl	1
onn	1
viv	1
sni	1
nip	1
ffr	1
nba	1
ghy	1
arj	1
rjo	1
jor	1
neb	1
ebu	1
buc	1
nez	1
ezz	1
zza	1
bau	1
aub	1
nom	1
omy	1
dla	1
ino	1
ejo	1
nad	1
oed	1
goa	1
vac	1
pak	1
foh	1
shp	1
hpo	1
cay	1
nsh	1
ams	1
uds	1
ixi	1
rsp	1
deo	1
obj	1
xcu	1
via	1
rno	1
noo	1
mau	1
kon	1
sfa	1
onj	1
nje	1
nhu	1
sif	1
rba	1
wiv	1
rfi	1
dim	1
bog	1
voc	1
jov	1
exo	1
xor	1
ndk	1
dke	1
